{
    "Objective Value": {
        "x": [
            0,
            1,
            2,
            3,
            4,
            5,
            6,
            7,
            8,
            9,
            10,
            11,
            12,
            13,
            14,
            15,
            16,
            17,
            18,
            19,
            20,
            21,
            22,
            23,
            24,
            25,
            26,
            27,
            28,
            29,
            30,
            31,
            32,
            33,
            34,
            35,
            36,
            37,
            38,
            39,
            40,
            41,
            42,
            43,
            44,
            45,
            46,
            47,
            48,
            49,
            50,
            51,
            52,
            53,
            54,
            55,
            56,
            57,
            58,
            59
        ],
        "y": [
            0.9223255740710045,
            0.9331452197002048,
            0.9319797753568144,
            0.9329745587218603,
            0.9329010961323755,
            0.9318863186084038,
            0.918984081158855,
            0.9320881580086753,
            0.9274129204431082,
            0.9324043590962563,
            0.9329724904902764,
            0.9328789740272427,
            0.932601375382953,
            0.9271356089844163,
            0.9329691972888163,
            0.9328684430980362,
            0.9248985249644815,
            0.9325053486051378,
            0.9327340434080333,
            0.9330054549574972,
            0.9323425115736652,
            0.9324220780450521,
            0.9326008904709621,
            0.8757669248886244,
            0.9327035774195892,
            0.926541918128603,
            0.9331675016865473,
            0.9292106699582819,
            0.9328405187068339,
            0.9322634707953997,
            0.9330068687531706,
            0.9330834100823077,
            0.9323362335816748,
            0.9331769917294985,
            0.9321611558715788,
            0.932930664355041,
            0.9329224416286249,
            0.9267495793756536,
            0.9321182056793706,
            0.9074907772963472,
            0.9317983261863986,
            0.873276784310096,
            0.9043882432138334,
            0.9300137104634688,
            0.9012412201088147,
            0.9326230569633145,
            0.9325588771316038,
            0.9326347083847368,
            0.9324462257525318,
            0.9322346165755926,
            0.9330891792977534,
            0.9325105931335804,
            0.9316855268772767,
            0.8922381558893457,
            0.9328984873181239,
            0.9303011689003184,
            0.9331818983289242,
            0.932099382501197,
            0.9323971759312272,
            0.9327896179601499
        ]
    },
    "Best Value": {
        "x": [
            0,
            1,
            2,
            3,
            4,
            5,
            6,
            7,
            8,
            9,
            10,
            11,
            12,
            13,
            14,
            15,
            16,
            17,
            18,
            19,
            20,
            21,
            22,
            23,
            24,
            25,
            26,
            27,
            28,
            29,
            30,
            31,
            32,
            33,
            34,
            35,
            36,
            37,
            38,
            39,
            40,
            41,
            42,
            43,
            44,
            45,
            46,
            47,
            48,
            49,
            50,
            51,
            52,
            53,
            54,
            55,
            56,
            57,
            58,
            59
        ],
        "y": [
            0.9223255740710045,
            0.9331452197002048,
            0.9331452197002048,
            0.9331452197002048,
            0.9331452197002048,
            0.9331452197002048,
            0.9331452197002048,
            0.9331452197002048,
            0.9331452197002048,
            0.9331452197002048,
            0.9331452197002048,
            0.9331452197002048,
            0.9331452197002048,
            0.9331452197002048,
            0.9331452197002048,
            0.9331452197002048,
            0.9331452197002048,
            0.9331452197002048,
            0.9331452197002048,
            0.9331452197002048,
            0.9331452197002048,
            0.9331452197002048,
            0.9331452197002048,
            0.9331452197002048,
            0.9331452197002048,
            0.9331452197002048,
            0.9331675016865473,
            0.9331675016865473,
            0.9331675016865473,
            0.9331675016865473,
            0.9331675016865473,
            0.9331675016865473,
            0.9331675016865473,
            0.9331769917294985,
            0.9331769917294985,
            0.9331769917294985,
            0.9331769917294985,
            0.9331769917294985,
            0.9331769917294985,
            0.9331769917294985,
            0.9331769917294985,
            0.9331769917294985,
            0.9331769917294985,
            0.9331769917294985,
            0.9331769917294985,
            0.9331769917294985,
            0.9331769917294985,
            0.9331769917294985,
            0.9331769917294985,
            0.9331769917294985,
            0.9331769917294985,
            0.9331769917294985,
            0.9331769917294985,
            0.9331769917294985,
            0.9331769917294985,
            0.9331769917294985,
            0.9331818983289242,
            0.9331818983289242,
            0.9331818983289242,
            0.9331818983289242
        ]
    }
}